 g,I'm feeling happy.,"ğŸ˜£, ğŸ’¯ğŸ‘, ğŸ˜ŠğŸ‘ğŸ¼, ğŸ¤ğŸ½, ğŸ‘‰ğŸ¾ğŸ‘ˆğŸ¾"
 g,I'm feeling very sad.,"ğŸ˜£, ğŸ¤ğŸ½, âœŠğŸ¼ğŸ¤ŸğŸ¼, ğŸ˜…ğŸ¤™ğŸ¼, â¬‡ï¸âœŠğŸ½ğŸ†ğŸ’¦"
 g,I'm angry with you.,"âœŠğŸ¼ğŸ¤ŸğŸ¼, ğŸ˜…ğŸ¤™ğŸ¼, â¬‡ï¸âœŠğŸ½ğŸ†ğŸ’¦, â¤ï¸ğŸŒˆğŸ’ğŸ‘ğŸ¡ğŸ¢, ğŸ˜ƒğŸ‘Œ"
 g,I love pizza.,"ğŸ˜³âœ‹, ğŸ‘ğŸ¾ğŸ’™, â­, ğŸ˜…ğŸ¤ŒğŸ¼, ğŸ¤˜ğŸ˜"
 g,I dislike broccoli.,"âœˆğŸ‡µğŸ‡·, ğŸš¬, ğŸ‘ğŸ‘ğŸ‘ğŸ‘ğŸ‘ğŸ‘, ğŸ‘€ğŸ’ªğŸ½ğŸ’ªğŸ½, ğŸ˜«ğŸ¤šğŸ¼"
 g,The sunrise this morning was beautiful.,"ğŸ‘¸, ğŸ‘ğŸŒ¹, ğŸŒ…, ğŸŒ„, ğŸ™ŒğŸ¼ğŸ™ğŸ¼"
 g,"It's been a long, tiring day.","ğŸ’¯ğŸ’ªğŸ½, ğŸ™ŒğŸ¾ğŸ’¯, ğŸ˜«, ğŸ™ŒğŸ½ğŸŒ¹, ğŸ˜­âœ‹ğŸ¾"
 g,I just won the lottery!,"âœˆğŸ‡µğŸ‡·, ğŸš¬, ğŸ‘ğŸ‘ğŸ‘ğŸ‘ğŸ‘ğŸ‘, ğŸ‘€ğŸ’ªğŸ½ğŸ’ªğŸ½, ğŸ˜«ğŸ¤šğŸ¼"
 g,I can't believe we lost the game.,"ğŸ‘ğŸ¾ğŸ’™, âœ‹ğŸ˜­, ğŸ™Œâ¤ï¸, ğŸ’”, ğŸ‘‡ğŸ¾ğŸ‘‡ğŸ¾ğŸ‘‡ğŸ¾"
 g,I'm so excited for the weekend.,"ğŸ™ŒğŸ¾, ğŸ˜ğŸ‘ğŸ½, âœŒï¸âœŒï¸, ğŸ”¥ğŸ™ŒğŸ½, ğŸ˜ğŸ™ŒğŸ¾"
 g,The movie was boring.,"ğŸ¤², ğŸ–•ğŸ½, ğŸ”¦ğŸ‘‡, ğŸ‘€â­•â˜ğŸ¾, ğŸâœŠğŸ½"
 g,That was the best concert ever!,"ğŸ˜­ğŸ™ğŸ», ğŸ™ğŸ»â™¥ï¸, ğŸ’ğŸ™ŒğŸ½, ğŸ˜©ğŸ‘Œ, ğŸ‘ŒğŸ‘Œ"
 g,I'm scared of spiders.,"âœŠğŸ¼ğŸ¤ŸğŸ¼, ğŸ˜…ğŸ¤™ğŸ¼, â¬‡ï¸âœŠğŸ½ğŸ†ğŸ’¦, â¤ï¸ğŸŒˆğŸ’ğŸ‘ğŸ¡ğŸ¢, ğŸ˜ƒğŸ‘Œ"
 g,My heart is broken.,"ğŸ‘ğŸ», ğŸ’ğŸ’, ğŸ¥“ğŸ¥©, ğŸ™‹â€â™€, ğŸğŸ‘ğŸ¿ğŸ‘ğŸ¿"
 g,I can't wait for my birthday.,"ğŸ˜®, ğŸ¤©ğŸ™ŒğŸ½, ğŸ™ğŸ¥°, ğŸ’ğŸ™Œ, â¤ï¸"
 g,I am feeling so peaceful right now.,"ğŸ™ğŸ½ğŸ˜‚, ğŸ‘ğŸ˜‚, ğŸ™ŒğŸ¾âœ¨, ğŸ’¯ğŸ™ğŸ½ğŸ’™, ğŸ¤£ğŸ‘Œ"
 g,That joke was hilarious.,"ğŸ‘ğŸ‘ğŸ‘ğŸ˜˜, ğŸ˜­, ğŸ‘‡ğŸ‘‡ğŸ‘‡, ğŸ¤£ğŸ¤£ğŸ¤£, ğŸ‘ŒğŸ¾"
 g,I'm feeling pretty indifferent about the whole situation.,"ğŸ™ğŸ˜©, ğŸ¤ğŸ½, ğŸ™ŒğŸ»ğŸ™ŒğŸ», ğŸ‘ŠğŸ», ğŸ¤ğŸ¾"
 g,I just got a promotion!,"ğŸ™ğŸ¼ğŸ”¥, â™¥ï¸ğŸ™ŒğŸ¾, ğŸ‘ğŸ»â¤ğŸ˜, â“, âœˆğŸ‡µğŸ‡·"
 g,I feel like crying.,"ğŸ¥², ğŸ‘ğŸ‘‡, ğŸ™ğŸ¼ğŸ”¥, ğŸ˜‚ğŸ¤š, ğŸ‘ğŸ¤—"
 g,I can't stand the heat.,"ğŸ‘ğŸ¾, ğŸ¤˜, ğŸ¤£, âœˆğŸ‡µğŸ‡·, ğŸš¬"
 g,I am freezing!,"âœˆğŸ‡µğŸ‡·, ğŸš¬, ğŸ‘ğŸ‘ğŸ‘ğŸ‘ğŸ‘ğŸ‘, ğŸ‘€ğŸ’ªğŸ½ğŸ’ªğŸ½, ğŸ˜«ğŸ¤šğŸ¼"
 g,That was a delicious meal.,"ğŸ˜©ğŸ‘Œ, ğŸ˜ŠğŸ‘, ğŸ’¯ğŸ’˜âœŠğŸ¼, ğŸ˜âœ¨ğŸŒ¹âœ¨, ğŸ˜­ğŸ˜­ğŸ¤šğŸ»"
 g,I am on top of the world!,"ğŸš€, ğŸ˜­ğŸ™ğŸ½, ğŸ‘ğŸ¼, âœˆğŸ‡µğŸ‡·, ğŸš¬"
 g,I just had a terrible day at work.,"ğŸ™ğŸ½ğŸ˜‚, ğŸ’¯ğŸ¤Ÿ, ğŸ‘ğŸ‘ğŸ™, ğŸ˜­ğŸ¤šğŸ», ğŸ‡¨ğŸ‡¦"
 g,I'm worried about my exam.,"ğŸ‘ğŸŒ¹ğŸ¥‚, ğŸ¤™ğŸ½, âœŠğŸ¼ğŸ¤ŸğŸ¼, ğŸ˜…ğŸ¤™ğŸ¼, â¬‡ï¸âœŠğŸ½ğŸ†ğŸ’¦"
 g,That book was thrilling!,"ğŸ‘ğŸ’¯, ğŸ–•ğŸ», ğŸ™ŒğŸ½ğŸ™ŒğŸ½ğŸ™ŒğŸ½, ğŸ‘†, ğŸ’¯ğŸ’˜âœŠğŸ¼"
 g,I'm feeling adventurous.,"ğŸ˜ğŸ¤™ğŸ¼, ğŸ¤ğŸ½, âœŠğŸ¼ğŸ¤ŸğŸ¼, ğŸ˜…ğŸ¤™ğŸ¼, â¬‡ï¸âœŠğŸ½ğŸ†ğŸ’¦"
 g,I'm feeling so lazy today.,"ğŸ˜‚ğŸ’ªğŸ½, ğŸ™ˆ, ğŸ’¯ğŸ™ğŸ½ğŸ’™, ğŸ‘ğŸ¾â¤ï¸, ğŸ”¥ğŸ¤"
 g,That was a scary movie.,"ğŸ’€ğŸ¤šğŸ», ğŸ‘‡ğŸ¿, ğŸ‘‰ğŸ»ğŸ‘ˆğŸ», ğŸ’¯ğŸ’˜âœŠğŸ¼, ğŸ˜âœ¨ğŸŒ¹âœ¨"
 g,I am grateful for my friends.,"ğŸ™ğŸ¼ğŸ’˜, ğŸ¥°ğŸ™ğŸ¼, ğŸ™ŒğŸ½â¤ï¸, ğŸ˜­ğŸ™ğŸ¾, ğŸ™ğŸ’™"
 g,The party was a blast!,"ğŸ¤ŸğŸ¾, ğŸ¤ŸğŸ¼, ğŸ‘ŒğŸ», ğŸ‘ğŸ½, ğŸ”¦ğŸ‘‡"
 g,That test was really hard.,"ğŸ‘ğŸ’¯, ğŸ˜†ğŸ‘, ğŸ¤™ğŸ’›ğŸ™, ğŸ’ªğŸ½ğŸ’ªğŸ½ğŸ’ªğŸ½, ğŸ‘ğŸ½"
 g,I feel loved.,"ğŸ˜³âœ‹, ğŸ‘ğŸ¾ğŸ’™, â­, ğŸ™ğŸ¾ğŸ˜, ğŸ¥°ğŸ™ğŸ½"
 g,I feel so rejected.,"ğŸ¤˜ğŸ¾, âœˆğŸ‡µğŸ‡·, ğŸš¬, ğŸ‘ğŸ‘ğŸ‘ğŸ‘ğŸ‘ğŸ‘, ğŸ‘€ğŸ’ªğŸ½ğŸ’ªğŸ½"
 g,I'm bursting with joy.,"ğŸ™ŒğŸ¿, ğŸ™ğŸ½, âœŠğŸ¼ğŸ¤ŸğŸ¼, ğŸ˜…ğŸ¤™ğŸ¼, â¬‡ï¸âœŠğŸ½ğŸ†ğŸ’¦"
 g,I'm disgusted by the trash.,"âœ‹ğŸ¼, ğŸ™ğŸ½, ğŸ‘ğŸ½, âœŠğŸ¼ğŸ¤ŸğŸ¼, ğŸ˜…ğŸ¤™ğŸ¼"
 g,That was a stressful situation.,"ğŸ˜‚ğŸ˜‚, ğŸ‘Œ, ğŸ™ğŸ½, ğŸ’¯ğŸ’˜âœŠğŸ¼, ğŸ˜âœ¨ğŸŒ¹âœ¨"
 g,I'm so proud of my team.,"ğŸ‘ğŸ¤, ğŸ¤©ğŸ¤©ğŸ¤©, ğŸ˜„ğŸ™Œ, ğŸ˜­ğŸ‘ğŸ½, ğŸ¤ğŸ¾"
 g,I'm amazed by the view.,"ğŸ™ŒğŸ¿, ğŸ˜ğŸ‘ğŸ½, ğŸ™ŒğŸ˜Š, ğŸ¥°ğŸ‘, ğŸ’œğŸ™ğŸ½"
 g,That song was touching.,"ğŸ’ªğŸ½ğŸ’ªğŸ½, ğŸ‘ŠğŸ», ğŸ¤ŒğŸ¾, ğŸ¤ŒğŸ¼, ğŸ‘ğŸ½"
 g,I feel so lonely.,"âœˆğŸ‡µğŸ‡·, ğŸš¬, ğŸ‘ğŸ‘ğŸ‘ğŸ‘ğŸ‘ğŸ‘, ğŸ‘€ğŸ’ªğŸ½ğŸ’ªğŸ½, ğŸ˜«ğŸ¤šğŸ¼"
 g,I'm feeling nostalgic.,"ğŸ¤ğŸ½, ğŸ™ŒğŸ¾, âœŠğŸ¼ğŸ¤ŸğŸ¼, ğŸ˜…ğŸ¤™ğŸ¼, â¬‡ï¸âœŠğŸ½ğŸ†ğŸ’¦"
 g,The race was intense.,"ğŸ”¦ğŸ‘‡, ğŸ‘€â­•â˜ğŸ¾, ğŸâœŠğŸ½, ğŸµğŸµğŸµ, ğŸ‘ğŸ‘ğŸ‘ğŸŒ¹ğŸ™ğŸ™ğŸ™"
 g,That was an awkward conversation.,"ğŸ–•ğŸ», ğŸ’¯ğŸ’˜âœŠğŸ¼, ğŸ˜âœ¨ğŸŒ¹âœ¨, ğŸ˜­ğŸ˜­ğŸ¤šğŸ», ğŸ˜©ğŸ™ŒğŸ½ğŸ”¥"
 g,I feel inspired.,"ğŸ¤˜ğŸ¾, ğŸ¤ğŸ½, âœˆğŸ‡µğŸ‡·, ğŸš¬, ğŸ‘ğŸ‘ğŸ‘ğŸ‘ğŸ‘ğŸ‘"
 g,I'm feeling playful.,"ğŸ¤ğŸ½, âœŠğŸ¼ğŸ¤ŸğŸ¼, ğŸ˜…ğŸ¤™ğŸ¼, â¬‡ï¸âœŠğŸ½ğŸ†ğŸ’¦, â¤ï¸ğŸŒˆğŸ’ğŸ‘ğŸ¡ğŸ¢"
 g,I'm feeling ambitious.,"ğŸ¤ğŸ½, ğŸ¤ğŸ½, âœŠğŸ¼ğŸ¤ŸğŸ¼, ğŸ˜…ğŸ¤™ğŸ¼, â¬‡ï¸âœŠğŸ½ğŸ†ğŸ’¦"
 g,I'm feeling doubtful.,"ğŸ¤ğŸ½, ğŸ¤ğŸ½, ğŸ™ğŸ½, âœŠğŸ¼ğŸ¤ŸğŸ¼, ğŸ˜…ğŸ¤™ğŸ¼"
 g,That was a surprising result.,"ğŸ¤ğŸ¼, ğŸ™ğŸ™ğŸ™, ğŸ™ŒğŸ», ğŸ’ªğŸ½, ğŸ’¯ğŸ’˜âœŠğŸ¼"
 g,I'm feeling content.,"ğŸ¤ğŸ½, ğŸ¤˜ğŸ¾, ğŸ™ŒğŸ¾, âœŠğŸ¼ğŸ¤ŸğŸ¼, ğŸ˜…ğŸ¤™ğŸ¼"
 g,I'm so disappointed.,"ğŸ˜‚ğŸ˜‚ğŸ™ŒğŸ¾, ğŸ™ŒğŸ¾, ğŸ™ğŸ½, âœŠğŸ¼ğŸ¤ŸğŸ¼, ğŸ˜…ğŸ¤™ğŸ¼"
 g,I'm feeling hopeful.,"ğŸ™ğŸ˜«, ğŸ¤ğŸ½, âœŠğŸ¼ğŸ¤ŸğŸ¼, ğŸ˜…ğŸ¤™ğŸ¼, â¬‡ï¸âœŠğŸ½ğŸ†ğŸ’¦"
 g,That was a frustrating experience.,"ğŸ¤ŒğŸ¾, ğŸ™, ğŸ’¯ğŸ’˜âœŠğŸ¼, ğŸ˜âœ¨ğŸŒ¹âœ¨, ğŸ˜­ğŸ˜­ğŸ¤šğŸ»"
 g,I feel so appreciated.,"ğŸ™ğŸ½ğŸ’œğŸ’›, â™¥ï¸ğŸ™ŒğŸ¾, ğŸ™ğŸ»ğŸ‘ŒğŸ», ğŸ™ğŸ¿ğŸ’ªğŸ¿, ğŸ™ŒğŸ¾âœ¨"
 g,I'm confused.,"âœŠğŸ¼ğŸ¤ŸğŸ¼, ğŸ˜…ğŸ¤™ğŸ¼, â¬‡ï¸âœŠğŸ½ğŸ†ğŸ’¦, â¤ï¸ğŸŒˆğŸ’ğŸ‘ğŸ¡ğŸ¢, ğŸ˜ƒğŸ‘Œ"
 g,I'm feeling motivated.,"ğŸ¤ğŸ½, ğŸ¥², âœ¨, ğŸ™ŒğŸ¿, ğŸ‘ŠğŸ»"
 g,I'm feeling pessimistic.,"ğŸ¤ğŸ½, âœŠğŸ¼ğŸ¤ŸğŸ¼, ğŸ˜…ğŸ¤™ğŸ¼, â¬‡ï¸âœŠğŸ½ğŸ†ğŸ’¦, â¤ï¸ğŸŒˆğŸ’ğŸ‘ğŸ¡ğŸ¢"
 g,I'm feeling apathetic.,"ğŸ¤ğŸ½, âœŠğŸ¼ğŸ¤ŸğŸ¼, ğŸ˜…ğŸ¤™ğŸ¼, â¬‡ï¸âœŠğŸ½ğŸ†ğŸ’¦, â¤ï¸ğŸŒˆğŸ’ğŸ‘ğŸ¡ğŸ¢"
 g,That was an impressive performance.,"ğŸ™ğŸ™ğŸ™, ğŸ’ªğŸ¼ğŸ˜, ğŸ’¯ğŸ’ªğŸ½, ğŸ‘ğŸ‘, ğŸ‘ğŸ»ğŸ‘ğŸ»ğŸ‘ğŸ»ğŸ‘ğŸ»"
 g,I'm curious about the result.,"ğŸ™ŒğŸ¿, ğŸ‘ğŸ», âœŠğŸ¼ğŸ¤ŸğŸ¼, ğŸ˜…ğŸ¤™ğŸ¼, â¬‡ï¸âœŠğŸ½ğŸ†ğŸ’¦"
 g,I'm feeling so relaxed.,"ğŸ¤ğŸ½, âœŠğŸ¼ğŸ¤ŸğŸ¼, ğŸ˜…ğŸ¤™ğŸ¼, â¬‡ï¸âœŠğŸ½ğŸ†ğŸ’¦, â¤ï¸ğŸŒˆğŸ’ğŸ‘ğŸ¡ğŸ¢"
 g,I'm feeling agitated.,"ğŸ¤ğŸ½, âœŠğŸ¼ğŸ¤ŸğŸ¼, ğŸ˜…ğŸ¤™ğŸ¼, â¬‡ï¸âœŠğŸ½ğŸ†ğŸ’¦, â¤ï¸ğŸŒˆğŸ’ğŸ‘ğŸ¡ğŸ¢"
 g,That was a depressing story.,"ğŸ‘‡ğŸ¿, ğŸ™ğŸ’¯, ğŸ‘‰ğŸ»ğŸ‘ˆğŸ», ğŸ˜­, ğŸ™ğŸ¼"
 g,I'm feeling optimistic.,"ğŸ¤ğŸ½, âœŠğŸ¼ğŸ¤ŸğŸ¼, ğŸ˜…ğŸ¤™ğŸ¼, â¬‡ï¸âœŠğŸ½ğŸ†ğŸ’¦, â¤ï¸ğŸŒˆğŸ’ğŸ‘ğŸ¡ğŸ¢"
 g,I feel so empowered.,"âœˆğŸ‡µğŸ‡·, ğŸš¬, ğŸ‘ğŸ‘ğŸ‘ğŸ‘ğŸ‘ğŸ‘, ğŸ‘€ğŸ’ªğŸ½ğŸ’ªğŸ½, ğŸ˜«ğŸ¤šğŸ¼"
 g,I'm feeling ashamed.,"ğŸ¤ğŸ½, ğŸ™ŒğŸ¾, âœŠğŸ¼ğŸ¤ŸğŸ¼, ğŸ˜…ğŸ¤™ğŸ¼, â¬‡ï¸âœŠğŸ½ğŸ†ğŸ’¦"
 g,I'm feeling energized.,"ğŸ¤ğŸ½, âœŠğŸ¼ğŸ¤ŸğŸ¼, ğŸ˜…ğŸ¤™ğŸ¼, â¬‡ï¸âœŠğŸ½ğŸ†ğŸ’¦, â¤ï¸ğŸŒˆğŸ’ğŸ‘ğŸ¡ğŸ¢"
 g,I'm feeling apprehensive.,"ğŸ¤ğŸ½, âœŠğŸ¼ğŸ¤ŸğŸ¼, ğŸ˜…ğŸ¤™ğŸ¼, â¬‡ï¸âœŠğŸ½ğŸ†ğŸ’¦, â¤ï¸ğŸŒˆğŸ’ğŸ‘ğŸ¡ğŸ¢"
 g,I'm feeling delighted.,"ğŸ¤ğŸ½, ğŸ™ŒğŸ¾, ğŸ™ğŸ¾, âœŠğŸ¼ğŸ¤ŸğŸ¼, ğŸ˜…ğŸ¤™ğŸ¼"
 g,I'm feeling guilty.,"ğŸ¤ğŸ½, âœŠğŸ¼ğŸ¤ŸğŸ¼, ğŸ˜…ğŸ¤™ğŸ¼, â¬‡ï¸âœŠğŸ½ğŸ†ğŸ’¦, â¤ï¸ğŸŒˆğŸ’ğŸ‘ğŸ¡ğŸ¢"
 g,That was a challenging puzzle.,"ğŸ‘†, ğŸ’¯ğŸ’˜âœŠğŸ¼, ğŸ˜âœ¨ğŸŒ¹âœ¨, ğŸ˜­ğŸ˜­ğŸ¤šğŸ», ğŸ˜©ğŸ™ŒğŸ½ğŸ”¥"
 g,I'm feeling so refreshed.,"ğŸ¤ğŸ½, âœŠğŸ¼ğŸ¤ŸğŸ¼, ğŸ˜…ğŸ¤™ğŸ¼, â¬‡ï¸âœŠğŸ½ğŸ†ğŸ’¦, â¤ï¸ğŸŒˆğŸ’ğŸ‘ğŸ¡ğŸ¢"
 g,I'm feeling overwhelmed.,"ğŸ¤ğŸ½, âœŠğŸ¼ğŸ¤ŸğŸ¼, ğŸ˜…ğŸ¤™ğŸ¼, â¬‡ï¸âœŠğŸ½ğŸ†ğŸ’¦, â¤ï¸ğŸŒˆğŸ’ğŸ‘ğŸ¡ğŸ¢"
 g,I'm feeling serene.,"ğŸ¤ğŸ½, ğŸ™ğŸ½, âœŠğŸ¼ğŸ¤ŸğŸ¼, ğŸ˜…ğŸ¤™ğŸ¼, â¬‡ï¸âœŠğŸ½ğŸ†ğŸ’¦"
 g,I'm feeling vulnerable.,"ğŸ¤ğŸ½, ğŸ™ğŸ½, âœŠğŸ¼ğŸ¤ŸğŸ¼, ğŸ˜…ğŸ¤™ğŸ¼, â¬‡ï¸âœŠğŸ½ğŸ†ğŸ’¦"
 g,That was a fascinating lecture.,"ğŸ’¯ğŸ’˜âœŠğŸ¼, ğŸ˜âœ¨ğŸŒ¹âœ¨, ğŸ˜­ğŸ˜­ğŸ¤šğŸ», ğŸ˜©ğŸ™ŒğŸ½ğŸ”¥, ğŸ‘ğŸ½ğŸ‘ğŸ½ğŸ‘ğŸ½ğŸ‘ğŸ½ğŸ‘ğŸ½ğŸ‘ğŸ½â–¶ï¸"
 g,I'm feeling proud.,"ğŸ‘ğŸ’›, ğŸ’¯ğŸ‘, ğŸ˜ŠğŸ‘ğŸ½, ğŸ¤ğŸ¾ğŸ’¯, ğŸ¤ğŸ½"
 g,I'm feeling humiliated.,"ğŸ¤ğŸ½, âœŠğŸ¼ğŸ¤ŸğŸ¼, ğŸ˜…ğŸ¤™ğŸ¼, â¬‡ï¸âœŠğŸ½ğŸ†ğŸ’¦, â¤ï¸ğŸŒˆğŸ’ğŸ‘ğŸ¡ğŸ¢"
 g,I'm feeling so exhilarated.,"ğŸ¤ğŸ½, âœŠğŸ¼ğŸ¤ŸğŸ¼, ğŸ˜…ğŸ¤™ğŸ¼, â¬‡ï¸âœŠğŸ½ğŸ†ğŸ’¦, â¤ï¸ğŸŒˆğŸ’ğŸ‘ğŸ¡ğŸ¢"
 g,I'm feeling regretful.,"ğŸ‘ğŸ¾â¤ï¸, ğŸ¤ğŸ½, ğŸ™ŒğŸ»ğŸ™ŒğŸ», ğŸ¤ğŸ½, ğŸ™ğŸ¾"
 g,I'm feeling contented.,"ğŸ¤ğŸ½, ğŸ¤˜ğŸ¾, ğŸ™ŒğŸ¾, âœŠğŸ¼ğŸ¤ŸğŸ¼, ğŸ˜…ğŸ¤™ğŸ¼"
 g,I'm feeling restless.,"ğŸ¤ğŸ½, âœŠğŸ¼ğŸ¤ŸğŸ¼, ğŸ˜…ğŸ¤™ğŸ¼, â¬‡ï¸âœŠğŸ½ğŸ†ğŸ’¦, â¤ï¸ğŸŒˆğŸ’ğŸ‘ğŸ¡ğŸ¢"
 g,That was an enchanting evening.,"ğŸ™ğŸ™ğŸ™, ğŸ’¯ğŸ’˜âœŠğŸ¼, ğŸ˜âœ¨ğŸŒ¹âœ¨, ğŸ˜­ğŸ˜­ğŸ¤šğŸ», ğŸ˜©ğŸ™ŒğŸ½ğŸ”¥"
 g,I'm feeling tranquil.,"ğŸ¤ğŸ½, âœŠğŸ¼ğŸ¤ŸğŸ¼, ğŸ˜…ğŸ¤™ğŸ¼, â¬‡ï¸âœŠğŸ½ğŸ†ğŸ’¦, â¤ï¸ğŸŒˆğŸ’ğŸ‘ğŸ¡ğŸ¢"
 g,I'm feeling tormented.,"ğŸ¤ğŸ½, âœŠğŸ¼ğŸ¤ŸğŸ¼, ğŸ˜…ğŸ¤™ğŸ¼, â¬‡ï¸âœŠğŸ½ğŸ†ğŸ’¦, â¤ï¸ğŸŒˆğŸ’ğŸ‘ğŸ¡ğŸ¢"
 g,I'm feeling triumphant.,"ğŸ¤ğŸ½, âœŠğŸ¼ğŸ¤ŸğŸ¼, ğŸ˜…ğŸ¤™ğŸ¼, â¬‡ï¸âœŠğŸ½ğŸ†ğŸ’¦, â¤ï¸ğŸŒˆğŸ’ğŸ‘ğŸ¡ğŸ¢"
 g,I'm feeling desolate.,"ğŸ¤ğŸ½, âœŠğŸ¼ğŸ¤ŸğŸ¼, ğŸ˜…ğŸ¤™ğŸ¼, â¬‡ï¸âœŠğŸ½ğŸ†ğŸ’¦, â¤ï¸ğŸŒˆğŸ’ğŸ‘ğŸ¡ğŸ¢"
 g,I'm feeling blissful.,"ğŸ¤ğŸ½, ğŸ™ğŸ½, âœŠğŸ¼ğŸ¤ŸğŸ¼, ğŸ˜…ğŸ¤™ğŸ¼, â¬‡ï¸âœŠğŸ½ğŸ†ğŸ’¦"
 g,I'm feeling distressed.,"ğŸ¤ğŸ½, âœŠğŸ¼ğŸ¤ŸğŸ¼, ğŸ˜…ğŸ¤™ğŸ¼, â¬‡ï¸âœŠğŸ½ğŸ†ğŸ’¦, â¤ï¸ğŸŒˆğŸ’ğŸ‘ğŸ¡ğŸ¢"
 g,I'm feeling jubilant.,"ğŸ¤ğŸ½, âœŠğŸ¼ğŸ¤ŸğŸ¼, ğŸ˜…ğŸ¤™ğŸ¼, â¬‡ï¸âœŠğŸ½ğŸ†ğŸ’¦, â¤ï¸ğŸŒˆğŸ’ğŸ‘ğŸ¡ğŸ¢"
 g,I'm feeling woeful.,"ğŸ¤ğŸ½, âœŠğŸ¼ğŸ¤ŸğŸ¼, ğŸ˜…ğŸ¤™ğŸ¼, â¬‡ï¸âœŠğŸ½ğŸ†ğŸ’¦, â¤ï¸ğŸŒˆğŸ’ğŸ‘ğŸ¡ğŸ¢"
 g,I'm feeling exuberant.,"ğŸ¤ğŸ½, âœŠğŸ¼ğŸ¤ŸğŸ¼, ğŸ˜…ğŸ¤™ğŸ¼, â¬‡ï¸âœŠğŸ½ğŸ†ğŸ’¦, â¤ï¸ğŸŒˆğŸ’ğŸ‘ğŸ¡ğŸ¢"
 g,I'm feeling despondent.,"ğŸ¤ğŸ½, âœŠğŸ¼ğŸ¤ŸğŸ¼, ğŸ˜…ğŸ¤™ğŸ¼, â¬‡ï¸âœŠğŸ½ğŸ†ğŸ’¦, â¤ï¸ğŸŒˆğŸ’ğŸ‘ğŸ¡ğŸ¢"
 g,I'm feeling ecstatic.,"ğŸ¤ğŸ½, âœŠğŸ¼ğŸ¤ŸğŸ¼, ğŸ˜…ğŸ¤™ğŸ¼, â¬‡ï¸âœŠğŸ½ğŸ†ğŸ’¦, â¤ï¸ğŸŒˆğŸ’ğŸ‘ğŸ¡ğŸ¢"
 g,I'm feeling inconsolable.,"ğŸ¤ğŸ½, âœŠğŸ¼ğŸ¤ŸğŸ¼, ğŸ˜…ğŸ¤™ğŸ¼, â¬‡ï¸âœŠğŸ½ğŸ†ğŸ’¦, â¤ï¸ğŸŒˆğŸ’ğŸ‘ğŸ¡ğŸ¢"
 g,I'm feeling rapturous.,"ğŸ¤ğŸ½, âœŠğŸ¼ğŸ¤ŸğŸ¼, ğŸ˜…ğŸ¤™ğŸ¼, â¬‡ï¸âœŠğŸ½ğŸ†ğŸ’¦, â¤ï¸ğŸŒˆğŸ’ğŸ‘ğŸ¡ğŸ¢"
 g,I'm feeling forlorn.,"ğŸ¤ğŸ½, âœŠğŸ¼ğŸ¤ŸğŸ¼, ğŸ˜…ğŸ¤™ğŸ¼, â¬‡ï¸âœŠğŸ½ğŸ†ğŸ’¦, â¤ï¸ğŸŒˆğŸ’ğŸ‘ğŸ¡ğŸ¢"
 g,I'm feeling exhilarated.,"ğŸ¤ğŸ½, âœŠğŸ¼ğŸ¤ŸğŸ¼, ğŸ˜…ğŸ¤™ğŸ¼, â¬‡ï¸âœŠğŸ½ğŸ†ğŸ’¦, â¤ï¸ğŸŒˆğŸ’ğŸ‘ğŸ¡ğŸ¢"
 g,I'm feeling downhearted.,"ğŸ¤ğŸ½, âœŠğŸ¼ğŸ¤ŸğŸ¼, ğŸ˜…ğŸ¤™ğŸ¼, â¬‡ï¸âœŠğŸ½ğŸ†ğŸ’¦, â¤ï¸ğŸŒˆğŸ’ğŸ‘ğŸ¡ğŸ¢"
 g,Just had the best coffee at @CafeLuv #CoffeeLover,"ğŸ˜˜ğŸ‘Œ, ğŸ™ŒğŸ¼ğŸ˜‚, ğŸ˜©ğŸ‘Œ, ğŸ¤Ÿ, ğŸ‘ŠğŸ¼"
 g,Getting ready for a Friday night out with the girls! #FridayFeeling,"ğŸ™ŒğŸ»ğŸ™ŒğŸ»ğŸ™ŒğŸ», ğŸ¥², ğŸ™ŒğŸ™Œ, ğŸ¤˜ğŸ”¥â˜ ğŸ–¤, ğŸ™ŒğŸ¾ğŸ™ğŸ¾"
 g,Who else is excited for the new Avengers movie? #MarvelFan,"ğŸ™ğŸ½âœ¨, ğŸ¤™ğŸ¼, ğŸ¸ğŸ¤˜, ğŸ˜ŒğŸ‘Œ, ğŸ‘ŠğŸ¾ğŸ˜œ"
 g,Can't believe how beautiful the sunset was today. #NaturePhotography,"â£, ğŸ˜‰ğŸ‘, ğŸ‘‡ğŸ», ğŸ‘ğŸ‘ğŸ‘, ğŸ‘‡ğŸ‘‡ğŸ‘‡"
 g,Dinner at my favorite sushi place #Foodie,"ğŸ‘Œ, ğŸ™„, ğŸ¤™ğŸ», ğŸ˜­, ğŸ˜‚"
 g,Throwback to my trip to Paris last summer #TravelDiaries,"ğŸ¤ğŸ½, ğŸ¤™ğŸ»ğŸ», ğŸ”œ, ğŸ˜, ğŸ¤£ğŸ™ŒğŸ½"
 g,Feeling so blessed to have such amazing people in my life #Blessed,"ğŸ™ğŸ»ğŸ™ğŸ»ğŸ™ğŸ», âœ¨ğŸ™ğŸ¼, ğŸ™ŒğŸ¾â¤ï¸, ğŸ‘ğŸ˜, ğŸ˜‚ğŸ™ŒğŸ¼"
 g,Workout done for the day! #FitnessGoals,"ğŸ‘ğŸ½, ğŸ˜Š, ğŸ‘ğŸ’ªğŸ˜, ğŸ‘ğŸ’¯, ğŸ‘ğŸ¼ğŸ™ŒğŸ¼"
 g,I could spend all day reading at this quiet little bookstore #BookWorm,"ğŸ™ğŸ½ğŸ˜‚, ğŸŒ¶, ğŸ‘ğŸ¼ğŸ‘ğŸ¼â¤ï¸â¤ï¸ğŸ¾ğŸ¾, ğŸ™ŒğŸ½ğŸ˜, ğŸ‘ğŸ’ªğŸ˜"
 g,Had an awesome time at the concert last night! #LiveMusic,"ğŸ‘ğŸ»ğŸ˜‚, ğŸ‘ğŸ™‚, ğŸ‘ğŸ½ğŸ‘ğŸ½ğŸ‘ğŸ½, ğŸ™ŒğŸ™ŒğŸ™Œ, ğŸ‘ŒğŸ½"
 g,I can assist you with booking a flight #ChatBot,"ğŸ‘‡ğŸ¼ğŸ‘‡ğŸ¼ğŸ‘‡ğŸ¼ğŸ‘‡ğŸ¼ğŸ‘‡ğŸ¼ğŸ‘‡ğŸ¼ğŸ‘‡ğŸ¼ğŸ‘‡ğŸ¼, âœ…, ğŸ™ŒğŸ½ğŸ™ŒğŸ½ğŸ™ŒğŸ½, ğŸ˜‰, ğŸ‘€"
 g,What can I help you find today? #CustomerService,"â¤, ğŸ¥°, ğŸ˜©ğŸ¤, ğŸ˜©ğŸ˜©, ğŸ™ğŸ½ğŸ˜‚"
 g,Processing your request now... #AI,"ğŸ™ğŸ™ğŸ™, ğŸ‘, ğŸ˜ŒğŸ™, ğŸ’, ğŸ’¯ğŸ’ªğŸ½"
 g,Your order has been placed! #ShoppingBot,"ğŸ’ªğŸ¼ğŸ’ªğŸ¼, ğŸ––, ğŸ‘ğŸ», ğŸ™ŒğŸ», ğŸ‘"
 g,The weather in New York today is sunny with a high of 75 degrees #WeatherBot,"âš¡, ğŸ¤ŒğŸ¼, âœŒï¸, â˜€, â˜"
 g,Directing you to a customer service representative now #HelpBot,"ğŸ‘‡ğŸ½ğŸ‘‡ğŸ½ğŸ‘‡ğŸ½, ğŸ‡ºğŸ‡¸, ğŸ¤˜ğŸ½, ğŸ¤™, ğŸ™ğŸ™"
 g,That information is not currently available. Can I assist with anything else? #InfoBot,"ğŸ‘ğŸ», ğŸ‘ğŸ», â¤, ğŸ‘ğŸ¼, ğŸ‡ºğŸ‡¸ğŸ‘"
 g,You have 3 new notifications #ReminderBot,"ğŸ™ğŸ’–, ğŸ™ŒğŸ¼ğŸ™ŒğŸ¼ğŸ™ŒğŸ¼, â£, ğŸ™ğŸ½ğŸ˜‚, ğŸ˜ğŸ™ŒğŸ‘"
 g,You successfully completed your daily step goal! #HealthBot,"ğŸ™ŒğŸ¼, ğŸ’ªğŸ¼ğŸ™ŒğŸ¼, â˜ºï¸ğŸ™ğŸ½, ğŸ‘‰ğŸ»ğŸ‘ˆğŸ»ğŸ¥º, ğŸ’¯ğŸ‘ŒğŸ¾"
 g,Your package has been shipped and is on its way #DeliveryUpdate,"ğŸ“¦, ğŸ¤˜ğŸ˜, âœŠğŸ½ğŸ’¯, ğŸ¥º, ğŸ‘ŠğŸ»"
 g,The strong woman lifted the heavy weights.,"ğŸ‘ğŸ», ğŸ¤â¤ï¸, ğŸ’¯ğŸ¤, â¤ï¸ğŸ™ğŸ¼, ğŸ¤ŸğŸ»"
 g,The Muslim man prayed at the mosque.,"ğŸ‘´, ğŸ•Œ, ğŸ™ğŸ»ğŸ’•, ğŸ™ğŸ»ğŸ¤ğŸ», â˜ºï¸ğŸ™ğŸ½"
 g,She is a successful businesswoman.,"ğŸ¤˜ğŸ½, ğŸ‘ğŸ‘ğŸ‘ğŸ‘ğŸ‘, ğŸ˜Œâ¤ï¸âœŠğŸ¾, ğŸ”¥ğŸ‘ğŸ¼, ğŸ˜˜ğŸ­ğŸ‘ğŸ’ğŸ‘Œ"
 g,The African American artist created a beautiful painting.,"ğŸ¤©, ğŸ‘¸, ğŸ‘ğŸŒ¹, ğŸ™ğŸ½ğŸ’–, âœ¨ğŸ™ğŸ»"
 g,The gay couple adopted a child.,"ğŸ‘¬, ğŸ‘ğŸ‘ğŸ‘, ğŸ”¦ğŸ‘‡, ğŸ‘€â­•â˜ğŸ¾, ğŸâœŠğŸ½"
 g,He's a Jewish teacher in a high school.,"ğŸ¤ğŸ™ğŸ¼, ğŸ‘ğŸ˜, ğŸ˜„ğŸ‘, ğŸ˜†, ğŸ™ğŸ™"
 g,The nurse worked a long night shift.,"ğŸ˜­ğŸ‘ŒğŸ½, ğŸ˜“, ğŸ˜”, ğŸ¥°, ğŸ‘¸"
 g,The Asian engineer solved the complex problem.,"ğŸ‘Œ, ğŸ˜ğŸ‘ğŸ», ğŸ¤™ğŸ¼, ğŸ‘ğŸ», ğŸ‘ğŸ»"
 g,The transgender individual voiced their opinion.,"ğŸ’ªğŸ», ğŸ˜­ğŸ™ŒğŸ½, ğŸ‘ŠğŸ¾, ğŸ‘ğŸ», ğŸ‘ğŸ½"
 g,The Latino chef cooked a delicious meal.,"ğŸ™ğŸ¼, ğŸ˜©ğŸ‘Œ, ğŸ˜ŠğŸ‘, ğŸ‘ğŸ‘, ğŸ™Œ"
 g,The homeless man found a job.,"ğŸ™â¤ï¸, â€¼ï¸, ğŸ‘´, ğŸ˜­ğŸ‘, â—ï¸"
 g,The Catholic nun helped the poor.,"ğŸ–•ğŸ¾, ğŸ™ğŸ½, ğŸ‘¸, ğŸ’™ğŸ™ğŸ¾, ğŸ”¦ğŸ‘‡"
 g,The elderly woman is a computer scientist.,"ğŸ‘, ğŸ‘ğŸ‘ğŸ‘, ğŸ‘, ğŸ”¦ğŸ‘‡, ğŸ‘€â­•â˜ğŸ¾"
 g,The disabled athlete won the competition.,"ğŸ‘ğŸ¾, ğŸ‘ğŸ», ğŸ”¦ğŸ‘‡, ğŸ‘€â­•â˜ğŸ¾, ğŸâœŠğŸ½"
 g,The construction worker is a female.,"ğŸ‘·, ğŸ”¦ğŸ‘‡, ğŸ‘€â­•â˜ğŸ¾, ğŸâœŠğŸ½, ğŸµğŸµğŸµ"
 g,The Native American lawyer won the case.,"ğŸ‘ğŸ¼ğŸ‘ğŸ¼, âœŠğŸ¾, ğŸ‘ğŸ», ğŸ™ŒğŸ», ğŸ”¦ğŸ‘‡"
 g,The Hindu priest performed the rituals.,"ğŸ‘‡ğŸ¼, ğŸ‘‡ğŸ‘‡ğŸ‘‡, ğŸ”¦ğŸ‘‡, ğŸ‘€â­•â˜ğŸ¾, ğŸâœŠğŸ½"
 g,The single father took care of his children.,"ğŸ™âœï¸, ğŸ’, ğŸ‘ğŸ¿, ğŸ‘‰ğŸ¼ğŸ‘ˆğŸ¼, ğŸ¤˜ğŸ»"
 g,The young man is a ballet dancer.,"ğŸ‘´, ğŸ, ğŸ”¥ğŸ”¥, ğŸ‘†ğŸ», ğŸ˜ğŸ‘ğŸ¼"
 g,The Indian woman is the CEO of the company.,"â¤ï¸ğŸ™ğŸ¼, ğŸ‘ğŸ‘ğŸ‘, ğŸ™ŒğŸ¼, ğŸ”¦ğŸ‘‡, ğŸ‘€â­•â˜ğŸ¾"
 g,Let's meet in New York City.,"ğŸ’ªğŸ¿ğŸ’ªğŸ¿ğŸ’ªğŸ¿, ğŸ’•, ğŸ‡ºğŸ‡¸, ğŸ™ğŸ¼â¤ï¸, ğŸ‘ŠğŸ¼"
 g,I love visiting Paris in the spring.,"ğŸ˜³âœ‹, ğŸ‘ğŸ¾ğŸ’™, â­, ğŸ™ŒğŸ”¥, â˜ºï¸"
 g,I just watched a movie starring Leonardo DiCaprio.,"ğŸ¤ğŸ˜, âœŒï¸ğŸ˜‚, ğŸ¬, â­, ğŸ™ğŸ»âœŒğŸ»"
 g,Did you hear the latest song by Beyonce?,"ğŸ¥°ğŸ¥°ğŸ¥°ğŸ’œğŸ’œğŸ’œğŸ™ŒğŸ™ŒğŸ™Œ, ğŸ’ªğŸ¾ğŸ’¯, ğŸ˜’, âœ‹ğŸ», ğŸ˜…"
 g,John is a common name in the United States.,"ğŸ’¥, ğŸ–•ğŸ˜‚ğŸ–•, â€¼ï¸, ğŸ‘ğŸ¼, ğŸ‘ŠğŸ¾"
 g,My best friend's name is Maria.,"ğŸ™ŒğŸ¼â™¥ï¸, ğŸ˜˜ğŸ‘Œ, ğŸ‘, ğŸ˜¬, ğŸ’ªğŸ½ğŸ’ªğŸ½ğŸ’ªğŸ½"
 g,Mumbai is known for its delicious street food.,"ğŸ‘ŠğŸ¼, ğŸ‘ğŸ¼, ğŸ˜­âœ‹ğŸ½, ğŸ¤Œ, ğŸ‘‡ğŸ¼"
 g,I just finished reading a book by J.K. Rowling.,"â¤, ğŸ‘‡ğŸ¼ğŸ‘‡ğŸ¼ğŸ‘‡ğŸ¼ğŸ‘‡ğŸ¼ğŸ‘‡ğŸ¼ğŸ‘‡ğŸ¼ğŸ‘‡ğŸ¼ğŸ‘‡ğŸ¼, ğŸ‘ŠğŸ¼ğŸ€ğŸŒµ, ğŸ‘ŒğŸ½ğŸ‘ŒğŸ½ğŸ‘ŒğŸ½, ğŸ“–"
 g,I saw Tom Hanks at the airport today.,"ğŸ™ğŸ½ğŸ˜‚, ğŸ™ğŸ¼ğŸ”¥, ğŸ™ğŸ¶, ğŸ˜ŠğŸ™ğŸ», â˜ºï¸ğŸ™ŒğŸ¼"
 g,Emily is a popular name for girls.,"ğŸ–¤ğŸ™ğŸ¼, ğŸ˜ğŸ˜‚, ğŸ™ŒğŸ¼â™¥ï¸, ğŸ™ğŸ’•, ğŸ™ğŸ¾ğŸ™ŒğŸ¾"
 g,I'm traveling to Sydney next month.,"ğŸ˜‚ğŸ‘ğŸ¼, ğŸ˜ğŸ¤, ğŸ˜˜, ğŸ™ŒğŸ»ğŸ™ŒğŸ»ğŸ™ŒğŸ», ğŸ¥ºğŸ‘‰ğŸ¼ğŸ‘ˆğŸ¼"
 g,Jennifer Aniston is my favorite actress.,"ğŸ‘ğŸ½ğŸ‘ğŸ½ğŸ‘ğŸ½, ğŸ¶ğŸ™ğŸ˜ŠğŸ™ğŸ¶, ğŸ’”ğŸ™, ğŸ™ŒğŸ’•, ğŸª±"
 g,I attended a concert by the band Coldplay.,"ğŸ˜­, âœˆğŸ‡µğŸ‡·, ğŸš¬, ğŸ‘ğŸ‘ğŸ‘ğŸ‘ğŸ‘ğŸ‘, ğŸ‘€ğŸ’ªğŸ½ğŸ’ªğŸ½"
 g,Beijing is a bustling city with a rich history.,"ğŸ™ŒğŸ»ğŸ™ŒğŸ», ğŸ‘, ğŸ‘‰, ğŸ™ğŸ™, ğŸ¤"
 g,I named my dog after Elon Musk.,"ğŸ™ğŸ¼ğŸ”¥, ğŸ™ğŸ¾ğŸ™ğŸ¾ğŸ™ğŸ¾ğŸ™ğŸ¾, ğŸ˜‚ğŸ¤, ğŸ¤”, ğŸ¤ŸğŸ¾"
 g,Emma is a beautiful name for a baby girl.,"ğŸ™ŒğŸ™Œ, ğŸ˜ğŸ¤™, â˜ºï¸, ğŸ˜‰ğŸ‘, ğŸ¤”"
 g,I enjoyed the book written by Stephen King.,"ğŸ‘ŒğŸ½, ğŸ‘ğŸ½ğŸ‘ğŸ½ğŸ‘ğŸ½, ğŸ™âœ¨, â¤, ğŸ™ğŸ™"
 g,I'm planning a trip to Tokyo.,"ğŸ˜ğŸ‘, ğŸ˜‚ğŸ‘ğŸ¼, ğŸ¤ğŸ», ğŸ‘ğŸ¼ğŸ‘ğŸ¼, ğŸ‘ğŸ‘"
 g,My favorite actor is Will Smith.,"ğŸ˜ğŸ‘, ğŸ˜œâœŒï¸, ğŸ‘ğŸ»ğŸ‘ğŸ»ğŸ‘ğŸ», ğŸ˜, ğŸ™ğŸ™ğŸ™"
 g,My name is Mohammed.,"ğŸ‘, ğŸ’ğŸ’, ğŸ¥“ğŸ¥©, ğŸ™‹â€â™€, ğŸğŸ‘ğŸ¿ğŸ‘ğŸ¿"
 g,happy,"ğŸ‡ğŸ‡ğŸ‘ğŸ¾â¤, ğŸ˜£, ğŸ˜¸, ğŸ˜¹, ğŸ¥°ğŸ‘â¤ï¸ğŸ‰"
 g,angry,"ğŸ˜ , ğŸ‘º, ğŸ’¢, ğŸ—¯, ğŸ˜–"
 g,love,"â¤ï¸â¤ï¸ğŸ™ğŸ™, ğŸ™ŒğŸ™ŒğŸ™ŒğŸ’œğŸ’œğŸ’œğŸ˜ğŸ˜, ğŸ˜±ğŸ˜ğŸ™ŒğŸ¼, ğŸ˜ŠğŸ™ŒğŸ‰, ğŸ’˜"
 g,hate,"âœŒï¸ğŸ˜Š, ğŸ‘ˆğŸ½ğŸ’¯ğŸ‘, ğŸ‘ğŸ‘, ğŸ‘ğŸ¼ğŸ¬, ğŸ‘‹ğŸ»ğŸ‘‹ğŸ»ğŸ‘‹ğŸ»ğŸ‘‹ğŸ»"
 g,food,"ğŸŒ­, ğŸŒ®, ğŸŒ¯, ğŸŒ¶, ğŸŒ½"
 g,hungry,"ğŸ˜ğŸ‘ğŸ»ğŸŒ…, ğŸ˜­ğŸ–•, ğŸ˜”ğŸ¤šğŸ½, ğŸ˜‚ğŸ˜‚ğŸ˜‚ğŸ˜­, ğŸ‘‹ğŸˆ"
 g,tired,"ğŸ’¤, ğŸ˜«, ğŸ›€, ğŸ›, ğŸ›Œ"
 g,excited,"â˜ºï¸ğŸ‘ğŸ», ğŸ™ŒğŸ¼â˜ºï¸, â¤ï¸âœŒï¸, ğŸ¤©ğŸ‘, ğŸ¤‘ğŸ‘ğŸ¼ğŸ‘ğŸ¼"
 g,work,"ğŸ˜ğŸ‘Œ, ğŸ™ŒğŸ™ŒğŸŒ®, ğŸ‡ºğŸ‡¸âœˆï¸, âŒ¨, ğŸ¢"
 g,home,"ğŸ¤ŸğŸ˜, ğŸ‘ ğŸ‘ ğŸ‘ , âœˆï¸, ğŸ˜, ğŸ "
 g,play,"â–¶, ğŸ´, ğŸ‘‡â›³, ğŸ‰ğŸ‘, ğŸ˜‚ğŸ˜‚ğŸ˜‚ğŸ‘ğŸ½ğŸ‘ğŸ½ğŸ‘ğŸ½"
 g,game,"â™», â™ , â™£, â™¥, â™¦"
 g,sports,"âš½, âš¾, â›³, â›·, â›¸"
 g,music,"ğŸ™, ğŸš, ğŸ›, ğŸµ, ğŸ·"
 g,movie,"ğŸ, ğŸŸ, ğŸ¥, ğŸ¦, ğŸ«"
 g,book,"ğŸ“–, ğŸ“”, ğŸ“•, ğŸ“—, ğŸ“˜"
 g,travel,"âš“, â›©, â›°, â›±, â›²"
 g,adventure,"ğŸŒ’, ğŸ™ğŸ½ğŸˆ, ğŸ™ğŸ¾ğŸ‘ğŸ¾ğŸ˜, ğŸ™ŒğŸ™ŒğŸ™ŒğŸ’™ğŸ’™ğŸ’™ğŸ”¥ğŸ”¥ğŸ”¥, ğŸ’«ğŸ™"
 g,family,"ğŸ‘¨â€ğŸ‘©â€ğŸ‘¦, ğŸ‘¨â€ğŸ‘¨â€ğŸ‘¦, ğŸ‘¨â€ğŸ‘¨â€ğŸ‘¦â€ğŸ‘¦, ğŸ‘¨â€ğŸ‘¨â€ğŸ‘§, ğŸ‘¨â€ğŸ‘¨â€ğŸ‘§â€ğŸ‘¦"
 g,party,"ğŸ·, ğŸ¸, ğŸº, ğŸ¾, ğŸ¿"
